gene_name,n_unique_filtered_peptides,smPEP_IDs
AATBC,0,
ABHD11-AS1,0,
AC000036.4,0,
AC000068.9,0,
AC000095.11,0,
AC002059.10,0,
AC002116.8,0,
AC002398.12,0,
AC002454.1,0,
AC002511.2,0,
AC002511.3,0,
AC003090.1,0,
AC003092.1,0,
AC003958.2,0,
AC003984.1,0,
AC003986.6,0,
AC004019.13,0,
AC004231.2,0,
AC004538.3,0,
AC004862.6,0,
AC004870.4,0,
AC004947.2,0,
AC004988.1,0,
AC005037.3,0,
AC005082.12,0,
AC005083.1,0,
AC005281.1,0,
AC005306.3,0,
AC005329.7,0,
AC005330.2,0,
AC005339.2,0,
AC005355.2,0,
AC005537.2,0,
AC005540.3,0,
AC005550.3,0,
AC005592.1,0,
AC005592.3,0,
AC005606.14,0,
AC005606.15,0,
AC005618.6,0,
AC005754.8,0,
AC005786.7,0,
AC005944.2,0,
AC006042.6,0,
AC006126.4,0,
AC006129.2,0,
AC006159.4,0,
AC006227.1,0,
AC006262.5,0,
AC006273.5,0,
AC006946.16,0,
AC006946.17,0,
AC007009.1,0,
AC007036.5,0,
AC007128.1,1,148125
AC007163.3,0,
AC007182.6,0,
AC007192.6,0,
AC007204.2,0,
AC007255.8,0,
AC007278.3,0,
AC007319.1,0,
AC007405.4,0,
AC007405.6,0,
AC007620.3,0,
AC007743.1,0,
AC007750.5,0,
AC007879.7,0,
AC008060.7,0,
AC008063.2,0,
AC008132.15,0,
AC008268.1,0,
AC008440.10,0,
AC009014.3,0,
AC009166.5,0,
AC009299.3,0,
AC010091.1,0,
AC010524.2,0,
AC010761.9,0,
AC011294.3,0,
AC011298.2,0,
AC011738.4,0,
AC011747.3,0,
AC011747.4,0,
AC011899.9,0,
AC012360.6,0,
AC012668.2,0,
AC013264.2,0,
AC013275.2,0,
AC013463.2,0,
AC015849.16,0,
AC016735.2,0,
AC016738.4,0,
AC016747.3,0,
AC016768.1,0,
AC016995.3,0,
AC017060.1,0,
AC018647.3,0,
AC018890.6,0,
AC019117.1,0,
AC019117.2,0,
AC020571.3,0,
AC021188.4,0,
AC021218.2,0,
AC022182.3,0,
AC022816.2,0,
AC024560.2,0,
AC025165.8,0,
AC026202.3,0,
AC026471.6,0,
AC034243.1,0,
AC064875.2,0,
AC067959.1,0,
AC068138.1,0,
AC068282.3,0,
AC068491.2,0,
AC068535.3,0,
AC073072.5,0,
AC073133.1,0,
AC073257.2,0,
AC073283.4,0,
AC074212.5,0,
AC078842.3,0,
AC079630.2,0,
AC079630.4,0,
AC079767.4,0,
AC083900.1,0,
AC084219.4,0,
AC090286.4,0,
AC090616.2,0,
AC091801.1,0,
AC092415.1,0,
AC092580.4,0,
AC093326.1,0,
AC093390.1,0,
AC093627.8,0,
AC093627.9,0,
AC093850.2,0,
AC096669.3,0,
AC097468.4,0,
AC098617.1,0,
AC098973.2,0,
AC099684.1,0,
AC103563.8,0,
AC104024.1,0,
AC104654.2,0,
AC104667.3,0,
AC104809.4,0,
AC104820.2,0,
AC106786.1,2,292454;298813
AC106876.2,0,
AC108142.1,0,
AC108676.1,0,
AC109642.1,0,
AC114730.3,0,
AC116614.1,0,
AC128709.3,0,
AC129492.6,0,
AC131097.4,0,
AC132217.4,0,
AC133785.1,0,
AC138035.2,0,
AC139099.5,0,
AC141928.1,0,
AC144450.1,0,
AC144450.2,0,
AC144836.1,0,
AC145110.1,0,
AC147651.5,0,
AC156455.1,3,115655;136978;136979
AC159540.1,0,
AC226118.1,0,
ACTA2-AS1,0,
ADAMTS9-AS1,0,
ADORA2A-AS1,0,
AE000661.37,0,
AF011889.2,0,
AF127577.10,0,
AF129408.17,0,
AF131215.2,0,
AF131215.9,0,
AF131216.5,0,
AF131217.1,0,
AF186192.1,0,
AF186192.6,0,
AF196972.9,0,
AFAP1-AS1,0,
AGAP11,0,
AL022344.7,0,
AL035610.1,0,
AL109763.2,0,
AL133493.2,0,
AL161668.5,0,
AL450992.2,0,
AL591893.1,0,
AL928768.3,0,
ALDH1L1-AS2,0,
AP000230.1,0,
AP000251.3,0,
AP000289.6,0,
AP000439.1,0,
AP000439.3,0,
AP000662.4,0,
AP000695.6,0,
AP001062.8,0,
AP001065.15,0,
AP001187.9,0,
AP001189.4,0,
AP001626.1,0,
AP001627.1,0,
AP003068.9,0,
AP003774.4,0,
AP004372.1,0,
APCDD1L-AS1,0,
AQP4-AS1,0,
ARAP1-AS1,0,
ARHGEF26-AS1,0,
ATP13A4-AS1,0,
ATP6V1B1-AS1,3,260997;298812;377972
B3GALT5-AS1,0,
BAALC-AS2,0,
BBOX1-AS1,0,
BCYRN1,0,
BFSP2-AS1,0,
BLACAT1,0,
BX470102.3,0,
BZRAP1-AS1,0,
C10orf126,0,
C10orf95,0,
C11orf97,0,
C14orf132,0,
C15orf59-AS1,0,
C18orf65,0,
C1QTNF1-AS1,0,
C1orf132,0,
C20orf166-AS1,0,
C20orf197,0,
C2orf48,0,
C4A-AS1,0,
C4B-AS1,0,
C5orf58,0,
C6orf99,4,169544;169545;169546;327431
C8orf34-AS1,0,
C8orf49,0,
C9orf106,0,
CADM3-AS1,0,
CALML3-AS1,0,
CASC19,0,
CASC8,0,
CCAT1,0,
CCDC13-AS1,0,
CCDC144NL-AS1,0,
CDKN2B-AS1,8,248646;254319;29158;297128;320133;55204;57175;63002
CDR1-AS,0,
CECR7,0,
CH17-360D5.2,0,
CH17-360D5.3,0,
CH17-408M7.1,0,
CH17-437K3.1,0,
CH507-145C22.1,0,
CH507-210P18.1,0,
CH507-396I9.3,0,
CHL1-AS1,0,
CHL1-AS2,0,
CHRM3-AS2,0,
CITF22-49D8.1,0,
CLDN10-AS1,0,
CMB9-22P13.1,0,
COL18A1-AS1,0,
COLCA1,0,
CPS1-IT1,0,
CTA-212A2.3,0,
CTA-221G9.12,0,
CTA-280A3.2,0,
CTA-293F17.1,0,
CTA-315H11.2,0,
CTA-363E6.2,0,
CTA-363E6.6,0,
CTA-384D8.34,0,
CTA-384D8.35,0,
CTA-398F10.2,0,
CTB-107G13.1,0,
CTB-113D17.1,0,
CTB-113P19.4,0,
CTB-11I22.2,0,
CTB-131B5.5,0,
CTB-151G24.1,0,
CTB-158D10.3,0,
CTB-176F20.3,0,
CTB-186G2.1,0,
CTB-191K22.5,0,
CTB-31O20.3,0,
CTB-33O18.1,0,
CTB-43E15.2,0,
CTB-43P18.1,0,
CTB-51J22.1,0,
CTB-59C6.3,0,
CTB-79E8.2,0,
CTB-92J24.3,0,
CTC-231O11.1,0,
CTC-236F12.4,0,
CTC-296K1.3,0,
CTC-296K1.4,0,
CTC-297N7.9,0,
CTC-321K16.1,0,
CTC-327F10.4,0,
CTC-327F10.5,0,
CTC-378H22.2,0,
CTC-425F1.4,0,
CTC-441N14.1,0,
CTC-441N14.2,0,
CTC-455F18.1,0,
CTC-457L16.2,0,
CTC-471J1.8,0,
CTC-497E21.3,0,
CTC-510F12.6,0,
CTC-510F12.7,0,
CTC-518B2.12,0,
CTC-518P12.6,0,
CTC-523E23.1,0,
CTC-523E23.4,0,
CTC-526N19.1,0,
CTC-548K16.1,0,
CTC-558O2.1,0,
CTC-573N18.1,0,
CTD-2003C8.2,0,
CTD-2008A1.3,0,
CTD-2008L17.2,0,
CTD-2008P7.8,0,
CTD-2008P7.9,0,
CTD-2020K17.1,0,
CTD-2020K17.4,0,
CTD-2026K11.1,0,
CTD-2033A16.3,0,
CTD-2033D15.3,0,
CTD-2034I21.2,0,
CTD-2036P10.3,0,
CTD-2047H16.5,0,
CTD-2054N24.2,0,
CTD-2089N3.1,0,
CTD-2089N3.2,0,
CTD-2126E3.4,0,
CTD-2147F2.1,0,
CTD-2162K18.4,0,
CTD-2171N6.1,0,
CTD-2196E14.5,0,
CTD-2201E18.5,0,
CTD-2201G3.1,0,
CTD-2203K17.1,0,
CTD-2227E11.1,0,
CTD-2231H16.1,0,
CTD-2235C13.3,0,
CTD-2245E15.3,0,
CTD-2284J15.1,0,
CTD-2292P10.4,0,
CTD-2297D10.2,0,
CTD-2303H24.2,0,
CTD-2314G24.2,0,
CTD-2319I12.5,0,
CTD-2325A15.5,0,
CTD-2325P2.4,0,
CTD-2336O2.3,0,
CTD-2337I7.1,0,
CTD-2354A18.1,0,
CTD-2357A8.3,0,
CTD-2369P2.8,0,
CTD-2377D24.6,0,
CTD-2382E5.6,0,
CTD-2510F5.4,0,
CTD-2514K5.4,0,
CTD-2527I21.15,0,
CTD-2530H12.4,0,
CTD-2531D15.5,0,
CTD-2540B15.11,0,
CTD-2540B15.13,0,
CTD-2541J13.2,0,
CTD-2544N14.3,0,
CTD-2547H18.1,0,
CTD-2547L24.3,0,
CTD-2554C21.2,0,
CTD-2554C21.3,0,
CTD-2555C10.3,0,
CTD-2561J22.5,0,
CTD-2566J3.1,0,
CTD-2600O9.1,0,
CTD-2619J13.13,0,
CTD-2619J13.8,0,
CTD-2620I22.3,0,
CTD-2626G11.2,0,
CTD-2647L4.5,0,
CTD-2651B20.3,0,
CTD-2666L21.1,0,
CTD-3010D24.3,0,
CTD-3035K23.7,0,
CTD-3051D23.1,0,
CTD-3064H18.4,0,
CTD-3080P12.3,0,
CTD-3116E22.7,0,
CTD-3116E22.8,0,
CTD-3128G10.7,0,
CTD-3154N5.2,0,
CTD-3193O13.1,0,
CTD-3247F14.2,0,
CTD-3252C9.4,0,
CYP4F35P,0,
DBH-AS1,0,
DCTN1-AS1,0,
DGCR5,0,
DGCR9,0,
DIO3OS,0,
DKFZP434L187,0,
DKFZp434J0226,0,
DLG3-AS1,0,
DLX6-AS1,0,
DNAH17-AS1,0,
DNAJC9-AS1,0,
DNM3OS,0,
DNMBP-AS1,0,
DPP10-AS1,0,
DRAIC,0,
DUXAP8,15,133986;133991;145805;177783;233732;233735;233737;238722;250227;250230;250232;262313;262316;262318;357772
DYX1C1-CCPG1,0,
EGFR-AS1,0,
EGOT,0,
ELFN1-AS1,2,306429;99476
EML2-AS1,0,
EMX2OS,8,120593;120594;169762;169764;253564;300397;300398;306154
EPHA5-AS1,0,
ERVH48-1,0,
EWSAT1,0,
F11-AS1,0,
FAM157C,0,
FAM167A-AS1,0,
FAM201A,1,374704
FAM222A-AS1,3,191233;265394;344492
FAM225B,0,
FAM3D-AS1,0,
FAM66B,1,207912
FAM83A-AS1,0,
FAM95B1,0,
FAM95C,0,
FAM99A,0,
FAM99B,0,
FENDRR,5,270334;270335;270336;270337;270338
FEZF1-AS1,2,117876;322577
FGF10-AS1,0,
FGF14-AS2,0,
FIRRE,8,115582;138998;167028;219017;264661;348017;357457;71244
FLJ16779,0,
FLJ22763,0,
FLJ31356,0,
FOXD1-AS1,0,
FOXD3-AS1,2,221465;313570
FOXP4-AS1,2,200729;61111
FRMD6-AS1,0,
FUT8-AS1,0,
FZD10-AS1,0,
GAS6-AS1,2,259739;78770
GAS6-AS2,0,
GATA2-AS1,6,100670;151759;296632;296633;311294;311295
GATA3-AS1,0,
GATA6-AS1,0,
GDNF-AS1,1,176468
GLIS3-AS1,0,
GNAS-AS1,2,11301;95575
GPC5-AS1,0,
GRIK1-AS1,0,
GRM5-AS1,0,
GS1-114I9.1,0,
GS1-600G8.5,0,
GS1-72M22.1,0,
H19,0,
HAGLR,1,160098
HAND2-AS1,11,204887;204888;204889;204890;204891;204892;204893;204894;204895;204896;204897
HAR1A,0,
HAR1B,0,
HAS2-AS1,0,
HCG11,1,264830
HHIP-AS1,3,272616;272617;56003
HID1-AS1,0,
HLA-DQB1-AS1,0,
HNF1A-AS1,0,
HNF4A-AS1,0,
HORMAD2-AS1,0,
HOTAIR,0,
HOTTIP,0,
HOXA-AS3,0,
HOXA10-AS,3,215186;268557;47127
HOXA11-AS,5,161510;224746;287825;287827;287828
HOXB-AS3,1,212252
HOXB-AS4,0,
HOXC13-AS,2,241784;338474
IFNG-AS1,0,
IGF2-AS,0,
IL21-AS1,0,
IL21R-AS1,0,
ITGB2-AS1,0,
KANSL1-AS1,0,
KB-1471A8.1,0,
KB-1517D11.4,0,
KB-1562D12.1,0,
KB-68A7.1,0,
KBTBD11-OT1,0,
KC6,0,
KCNMB2-AS1,2,202283;240199
KIAA0087,0,
KIAA0125,0,
KIAA1614-AS1,0,
KRTAP5-AS1,0,
LA16c-329F2.1,0,
LA16c-380H5.1,0,
LA16c-380H5.5,0,
LA16c-390E6.5,0,
LAMA5-AS1,0,
LANCL1-AS1,0,
LDLRAD4-AS1,0,
LEMD1-AS1,0,
LHFPL3-AS2,0,
LINC00092,0,
LINC00158,3,98356;98357;98358
LINC00160,0,
LINC00173,0,
LINC00261,0,
LINC00271,0,
LINC00278,0,
LINC00282,0,
LINC00284,0,
LINC00299,0,
LINC00313,0,
LINC00319,0,
LINC00337,0,
LINC00346,0,
LINC00365,0,
LINC00402,0,
LINC00426,0,
LINC00443,0,
LINC00460,0,
LINC00461,0,
LINC00462,0,
LINC00470,0,
LINC00472,1,171372
LINC00473,0,
LINC00475,0,
LINC00482,0,
LINC00483,0,
LINC00491,0,
LINC00494,0,
LINC00501,0,
LINC00504,0,
LINC00505,0,
LINC00511,17,147766;217960;217961;217962;217963;228808;257416;274737;382374;384075;51192;61393;61394;7953;7954;7955;7956
LINC00519,0,
LINC00520,0,
LINC00525,0,
LINC00540,0,
LINC00543,0,
LINC00551,0,
LINC00578,0,
LINC00592,0,
LINC00605,0,
LINC00607,0,
LINC00622,0,
LINC00626,0,
LINC00628,0,
LINC00629,0,
LINC00640,0,
LINC00643,0,
LINC00648,0,
LINC00652,0,
LINC00668,0,
LINC00671,0,
LINC00675,0,
LINC00702,0,
LINC00704,0,
LINC00707,0,
LINC00839,7,176963;176970;264239;288857;305428;69068;71292
LINC00840,0,
LINC00844,0,
LINC00857,4,174608;208838;272496;352071
LINC00861,0,
LINC00864,0,
LINC00865,0,
LINC00870,0,
LINC00881,0,
LINC00884,0,
LINC00885,0,
LINC00886,0,
LINC00887,0,
LINC00890,0,
LINC00891,0,
LINC00892,0,
LINC00899,0,
LINC00900,0,
LINC00906,0,
LINC00908,0,
LINC00920,1,123406
LINC00922,0,
LINC00923,0,
LINC00924,0,
LINC00925,0,
LINC00930,0,
LINC00939,0,
LINC00940,0,
LINC00941,0,
LINC00942,0,
LINC00944,0,
LINC00954,0,
LINC00958,4,1016;259740;281042;319898
LINC00968,0,
LINC00973,2,141607;219284
LINC00982,0,
LINC00993,0,
LINC00996,0,
LINC01006,0,
LINC01010,0,
LINC01014,0,
LINC01016,0,
LINC01018,0,
LINC01050,0,
LINC01055,0,
LINC01060,0,
LINC01091,0,
LINC01094,0,
LINC01096,0,
LINC01105,0,
LINC01111,0,
LINC01114,0,
LINC01116,3,204512;206406;89923
LINC01117,0,
LINC01122,0,
LINC01124,0,
LINC01127,0,
LINC01133,0,
LINC01139,0,
LINC01140,0,
LINC01146,0,
LINC01152,0,
LINC01158,0,
LINC01160,0,
LINC01187,0,
LINC01191,0,
LINC01198,0,
LINC01207,0,
LINC01215,0,
LINC01224,0,
LINC01234,8,114222;181418;190654;229274;244158;25451;288918;85501
LINC01235,0,
LINC01266,0,
LINC01268,0,
LINC01269,0,
LINC01272,0,
LINC01281,0,
LINC01285,0,
LINC01287,0,
LINC01291,0,
LINC01297,0,
LINC01305,0,
LINC01314,0,
LINC01342,0,
LINC01344,0,
LINC01348,0,
LINC01354,0,
LINC01361,0,
LINC01370,0,
LINC01384,0,
LINC01411,0,
LINC01419,0,
LINC01426,2,322848;322849
LINC01436,0,
LINC01451,0,
LINC01460,0,
LINC01468,0,
LINC01480,3,105495;105496;206717
LINC01484,0,
LINC01485,0,
LINC01508,5,10905;206002;329371;360997;368281
LINC01510,0,
LINC01513,0,
LINC01515,11,152697;155586;155587;180446;281186;281363;283401;283402;303653;49378;78705
LINC01532,0,
LINC01550,0,
LINC01554,0,
LINC01558,0,
LINC01559,0,
LINC01561,0,
LINC01564,0,
LINC01572,4,141985;141986;141987;262336
LINC01579,0,
LINC01586,0,
LINC01589,0,
LINC01594,0,
LINC01595,0,
LINC01597,0,
LINC01604,0,
LINC01605,0,
LINC01607,0,
LL22NC03-75H12.2,0,
LL22NC03-N14H11.1,0,
LL22NC03-N64E9.1,0,
LL22NC03-N95F10.1,0,
LLNLF-187D8.1,0,
LLNLR-284B4.1,0,
LSINCT5,0,
LUCAT1,0,
MAFTRR,0,
MAGI2-AS3,3,217618;273397;88417
MALAT1,11,11405;142088;142876;142877;148652;153719;179719;259455;260116;53972;67826
MAPT-AS1,0,
MAPT-IT1,0,
MCF2L-AS1,0,
MEG3,0,
MGC32805,0,
MGC39584,0,
MIAT,0,
MIR100HG,5,11931;151225;159078;205913;99293
MIR133A1HG,0,
MIR143HG,0,
MIR155HG,0,
MIR2052HG,0,
MIR205HG,0,
MIR210HG,1,388514
MIR222HG,2,304526;359799
MIR31HG,0,
MIR646HG,2,180552;59741
MIR663AHG,0,
MIR7-3HG,16,222498;222499;34237;34238;34239;34240;34241;34242;34243;370085;370086;370087;370088;370089;370090;370091
MIR99AHG,0,
MLK7-AS1,0,
MNX1-AS1,3,252050;303663;359254
MRPL23-AS1,0,
MSC-AS1,1,341414
MUC2,0,
MYCNOS,0,
MYHAS,0,
NFE4,0,
NKILA,0,
NPSR1-AS1,0,
NR2F1-AS1,1,156817
NRIR,0,
OR7E47P,0,
OSTN-AS1,0,
PAPPA-AS1,0,
PART1,0,
PAX8-AS1,4,195650;26896;283760;283761
PCAT14,0,
PCAT18,0,
PCAT7,6,175274;175275;332828;332829;366765;366766
PCBP3-OT1,0,
PDX1-AS1,0,
PGM5-AS1,0,
PGM5P3-AS1,0,
PGM5P4-AS1,0,
PIK3CD-AS2,2,122526;150511
PLA2G4C-AS1,0,
PLCE1-AS1,0,
PLS3-AS1,0,
PP12613,0,
PP14571,0,
PRKCQ-AS1,0,
PROSER2-AS1,0,
PROX1-AS1,0,
PRSS51,0,
PSORS1C3,0,
PTPRD-AS1,0,
PTPRG-AS1,9,123736;123737;123738;190979;213019;249758;249759;249760;368027
PVT1,28,156233;156236;156239;162352;203247;203248;203249;203250;224706;224707;224708;224709;224710;224711;346859;346860;346861;346862;346863;346864;359938;384448;82496;82497;82498;82499;82500;82501
PWAR6,0,
PWRN1,0,
PYCARD-AS1,0,
RBAKDN,0,
RBM5-AS1,0,
RFPL1S,0,
RFX3-AS1,0,
RGS5,0,
RHOXF1-AS1,0,
RMST,0,
RNF144A-AS1,0,
RNF185-AS1,0,
RNF217-AS1,0,
RNU11,0,
ROR1-AS1,0,
RP1-101G11.3,0,
RP1-101K10.6,0,
RP1-102K2.8,0,
RP1-122P22.4,0,
RP1-140K8.5,0,
RP1-142L7.9,0,
RP1-170O19.14,0,
RP1-170O19.17,0,
RP1-187B23.1,0,
RP1-202O8.3,0,
RP1-213J1P__B.1,0,
RP1-232P20.1,0,
RP1-239B22.5,0,
RP1-240B8.3,0,
RP1-244F24.1,0,
RP1-261G23.7,0,
RP1-269M15.3,0,
RP1-276N6.2,0,
RP1-27K12.2,0,
RP1-27K12.4,0,
RP1-29C18.10,0,
RP1-29C18.9,0,
RP1-302D9.3,0,
RP1-302G2.5,0,
RP1-34H18.1,0,
RP1-34M23.5,0,
RP1-37N7.1,0,
RP1-60O19.1,0,
RP1-79C4.4,0,
RP11-1006G14.4,0,
RP11-1008C21.1,0,
RP11-100L22.1,0,
RP11-1022B3.1,0,
RP11-102K13.5,0,
RP11-102N12.3,0,
RP11-1036E20.9,0,
RP11-1042B17.3,0,
RP11-104H15.10,0,
RP11-104H15.7,0,
RP11-1055B8.9,0,
RP11-1070N10.3,0,
RP11-1070N10.6,0,
RP11-107I14.2,0,
RP11-107N15.1,0,
RP11-108M9.3,0,
RP11-1094M14.5,0,
RP11-109D20.2,0,
RP11-109J4.1,0,
RP11-109P14.10,0,
RP11-10A14.5,0,
RP11-10A14.6,0,
RP11-1102P16.1,0,
RP11-1109F11.3,0,
RP11-1134I14.8,0,
RP11-1136G4.2,0,
RP11-1143G9.4,0,
RP11-1143G9.5,0,
RP11-1149O23.2,0,
RP11-1149O23.3,0,
RP11-1151B14.3,0,
RP11-115D19.1,0,
RP11-115H13.1,0,
RP11-115J16.1,0,
RP11-116D17.3,0,
RP11-116D2.1,0,
RP11-116G8.5,0,
RP11-116O18.1,0,
RP11-118A3.1,0,
RP11-118K6.3,0,
RP11-119D9.1,0,
RP11-11N9.4,0,
RP11-120J1.1,0,
RP11-120K18.2,0,
RP11-1223D19.1,0,
RP11-1223D19.3,0,
RP11-1228E12.1,0,
RP11-1228E12.2,0,
RP11-123B3.2,0,
RP11-124N14.3,0,
RP11-1260E13.2,0,
RP11-1260E13.3,0,
RP11-1260E13.4,0,
RP11-128A17.1,0,
RP11-1299A16.3,0,
RP11-12A2.3,0,
RP11-12M5.3,0,
RP11-130L8.1,0,
RP11-132A1.3,0,
RP11-132A1.4,0,
RP11-133F8.2,0,
RP11-134O21.1,0,
RP11-135L13.4,0,
RP11-136K7.2,0,
RP11-138A9.1,0,
RP11-138A9.2,0,
RP11-138C9.1,0,
RP11-138I17.1,0,
RP11-138I18.2,0,
RP11-1399P15.1,0,
RP11-13A1.1,0,
RP11-13K12.1,0,
RP11-13K12.5,0,
RP11-13P5.2,0,
RP11-141J13.5,0,
RP11-141M3.6,0,
RP11-142A22.4,0,
RP11-142C4.6,0,
RP11-144A16.8,0,
RP11-145A3.1,0,
RP11-145M4.3,0,
RP11-146D12.2,0,
RP11-146I2.1,0,
RP11-148O21.4,0,
RP11-149I23.3,0,
RP11-150O12.3,0,
RP11-150O12.6,0,
RP11-152H18.3,0,
RP11-156L14.1,0,
RP11-157J24.2,0,
RP11-15F12.1,0,
RP11-15I11.3,0,
RP11-160E2.11,0,
RP11-160E2.6,0,
RP11-161H23.5,0,
RP11-161H23.9,0,
RP11-164H13.1,0,
RP11-165E7.1,0,
RP11-166D19.1,0,
RP11-167B3.2,0,
RP11-167H9.3,0,
RP11-167N4.2,0,
RP11-16C1.2,0,
RP11-16E12.2,0,
RP11-16K12.1,0,
RP11-172H24.4,0,
RP11-173C1.1,0,
RP11-173P15.5,0,
RP11-175K6.1,0,
RP11-180N14.1,0,
RP11-184M15.1,0,
RP11-187E13.1,0,
RP11-187O7.3,0,
RP11-18H21.1,0,
RP11-18I14.11,0,
RP11-191L17.1,0,
RP11-191L9.4,0,
RP11-193M21.1,0,
RP11-196H14.3,0,
RP11-19D2.1,0,
RP11-19E11.1,0,
RP11-1C8.4,0,
RP11-1C8.7,0,
RP11-203B7.2,0,
RP11-206L10.3,0,
RP11-206M11.7,0,
RP11-20B7.1,0,
RP11-20F24.2,0,
RP11-20G6.3,0,
RP11-20I20.4,0,
RP11-20J15.3,0,
RP11-210M15.2,0,
RP11-211C9.1,0,
RP11-212I21.2,0,
RP11-212P7.3,0,
RP11-213H15.4,0,
RP11-215P8.4,0,
RP11-218E20.3,0,
RP11-21L23.2,0,
RP11-221J22.2,0,
RP11-221N13.3,0,
RP11-223I10.1,0,
RP11-227H15.5,0,
RP11-22L13.1,0,
RP11-230G5.2,0,
RP11-231D20.2,0,
RP11-231E6.1,0,
RP11-234K24.3,0,
RP11-238K6.1,0,
RP11-23N2.4,0,
RP11-23P13.6,0,
RP11-242J7.1,0,
RP11-244F12.2,0,
RP11-244M2.1,0,
RP11-247C2.2,0,
RP11-24N18.1,0,
RP11-252A24.5,0,
RP11-255M2.2,0,
RP11-256P1.1,0,
RP11-259K15.2,0,
RP11-259O2.1,0,
RP11-25H12.1,0,
RP11-25K19.1,0,
RP11-261N11.8,0,
RP11-262A16.1,0,
RP11-264B17.2,0,
RP11-265D17.2,0,
RP11-265N6.1,0,
RP11-265N6.2,0,
RP11-266A24.1,0,
RP11-272L14.2,0,
RP11-274B21.14,0,
RP11-274H2.5,0,
RP11-275I14.4,0,
RP11-276H19.1,0,
RP11-276H19.2,0,
RP11-277P12.20,0,
RP11-27M24.1,0,
RP11-280G9.1,0,
RP11-280O1.2,0,
RP11-281P23.1,0,
RP11-283G6.5,0,
RP11-284F21.10,0,
RP11-284F21.7,0,
RP11-284F21.9,0,
RP11-284N8.3,0,
RP11-286H15.1,0,
RP11-290F5.1,0,
RP11-290O12.2,0,
RP11-291B21.2,0,
RP11-293A21.1,0,
RP11-294J22.6,0,
RP11-295M3.4,0,
RP11-296I10.3,0,
RP11-297L17.2,0,
RP11-298J20.4,0,
RP11-2B6.2,0,
RP11-2E11.5,0,
RP11-301G7.1,0,
RP11-301L8.2,0,
RP11-302L19.3,0,
RP11-303E16.6,0,
RP11-304L19.1,0,
RP11-304L19.12,0,
RP11-304L19.3,0,
RP11-309M7.1,0,
RP11-30J20.1,0,
RP11-30K9.5,0,
RP11-30P6.6,0,
RP11-311F12.1,0,
RP11-314B1.2,0,
RP11-314M24.1,0,
RP11-315O6.1,0,
RP11-316M1.12,0,
RP11-317L10.1,0,
RP11-317N12.1,0,
RP11-319E12.2,0,
RP11-319F12.2,0,
RP11-320N7.2,0,
RP11-320P7.2,0,
RP11-321G12.1,0,
RP11-322E11.2,0,
RP11-324E6.6,0,
RP11-324L17.1,0,
RP11-325F22.2,0,
RP11-326C3.2,0,
RP11-327F22.2,0,
RP11-328N19.1,0,
RP11-329B9.4,0,
RP11-32B5.7,0,
RP11-333A23.4,0,
RP11-334A14.8,0,
RP11-334E6.12,0,
RP11-334J6.7,0,
RP11-336A10.4,0,
RP11-33A14.1,0,
RP11-344B5.2,0,
RP11-345J18.2,0,
RP11-345N11.1,0,
RP11-350J20.12,0,
RP11-350N15.6,0,
RP11-352D13.6,0,
RP11-353N14.2,0,
RP11-353N14.4,0,
RP11-353N14.5,0,
RP11-354E11.2,0,
RP11-354K1.1,0,
RP11-355F16.1,0,
RP11-355N15.3,0,
RP11-356K23.1,0,
RP11-356O9.1,0,
RP11-356O9.2,0,
RP11-357H14.17,0,
RP11-357P18.2,0,
RP11-359E10.1,0,
RP11-360L9.8,0,
RP11-362F19.1,0,
RP11-363E7.4,0,
RP11-366L20.2,0,
RP11-367G6.3,0,
RP11-367J11.2,0,
RP11-368I23.3,0,
RP11-368L12.1,0,
RP11-372E1.4,0,
RP11-373D23.2,0,
RP11-379B8.1,0,
RP11-380J14.1,0,
RP11-380L11.4,0,
RP11-381K20.2,0,
RP11-381O7.3,0,
RP11-384L8.1,0,
RP11-384O8.1,0,
RP11-384P7.7,0,
RP11-386G11.10,0,
RP11-386G11.5,0,
RP11-386M24.3,0,
RP11-386M24.6,0,
RP11-387H17.4,0,
RP11-388M20.2,0,
RP11-38J22.3,0,
RP11-38M8.1,0,
RP11-390F4.6,0,
RP11-391L3.1,0,
RP11-394O4.5,0,
RP11-395B7.2,0,
RP11-395B7.4,0,
RP11-395N3.1,0,
RP11-395N3.2,0,
RP11-397G17.1,0,
RP11-3D4.2,0,
RP11-3P17.5,0,
RP11-400K9.4,0,
RP11-400N13.3,0,
RP11-400N9.1,0,
RP11-401O9.3,0,
RP11-401O9.4,0,
RP11-401P9.4,0,
RP11-401P9.5,0,
RP11-401P9.6,0,
RP11-403A3.3,0,
RP11-403B2.7,0,
RP11-404F10.2,0,
RP11-404P21.3,0,
RP11-407B7.1,0,
RP11-409I10.2,0,
RP11-410N8.3,0,
RP11-411K7.1,0,
RP11-414J4.2,0,
RP11-416I2.1,0,
RP11-416N2.4,0,
RP11-417E7.1,0,
RP11-417E7.2,0,
RP11-422N16.3,0,
RP11-423H2.3,0,
RP11-426C22.4,0,
RP11-426C22.5,0,
RP11-428G5.5,0,
RP11-429B14.4,0,
RP11-429E11.2,0,
RP11-42I10.1,0,
RP11-42O15.3,0,
RP11-430C7.5,0,
RP11-431J24.2,0,
RP11-434E6.4,0,
RP11-435O5.2,0,
RP11-436K8.1,0,
RP11-438B23.2,0,
RP11-438D14.2,0,
RP11-43F13.3,0,
RP11-43N5.1,0,
RP11-440D17.3,0,
RP11-440G9.1,0,
RP11-442H21.2,0,
RP11-445F12.1,0,
RP11-445O3.1,0,
RP11-445O3.3,0,
RP11-445P17.8,0,
RP11-446H18.5,0,
RP11-449J21.5,0,
RP11-449P15.1,0,
RP11-44F14.8,0,
RP11-44F21.5,0,
RP11-451G4.2,0,
RP11-455O6.2,0,
RP11-456K23.1,0,
RP11-457M11.5,0,
RP11-459E5.1,0,
RP11-461O7.1,0,
RP11-462G2.1,0,
RP11-462L8.1,0,
RP11-463J17.2,0,
RP11-464F9.1,0,
RP11-465B22.8,0,
RP11-466A19.1,0,
RP11-469H8.6,0,
RP11-469N6.1,0,
RP11-470L19.2,0,
RP11-473M20.5,0,
RP11-474G23.2,0,
RP11-474O21.5,0,
RP11-475I24.3,0,
RP11-475I24.8,0,
RP11-476D10.1,0,
RP11-477H21.2,0,
RP11-478J18.2,0,
RP11-47I22.1,0,
RP11-480C22.1,0,
RP11-480I12.7,0,
RP11-482H16.1,0,
RP11-482M8.3,0,
RP11-483F11.7,0,
RP11-483L5.1,0,
RP11-483P21.2,0,
RP11-486L19.2,0,
RP11-488P3.1,0,
RP11-491F9.1,0,
RP11-491F9.5,0,
RP11-492E3.2,0,
RP11-493E12.3,0,
RP11-493L12.3,0,
RP11-495P10.8,0,
RP11-496N12.6,0,
RP11-497E19.1,0,
RP11-497G19.7,0,
RP11-498C9.13,0,
RP11-498C9.2,0,
RP11-498C9.3,0,
RP11-499F3.2,0,
RP11-49I11.1,0,
RP11-49I11.4,0,
RP11-500B12.1,0,
RP11-503C24.6,0,
RP11-503N18.1,0,
RP11-506F3.1,0,
RP11-510N19.5,0,
RP11-511B23.1,0,
RP11-513G11.3,0,
RP11-519G16.3,0,
RP11-519G16.5,0,
RP11-521O16.1,0,
RP11-522B15.3,0,
RP11-524D16__A.3,0,
RP11-525A16.4,0,
RP11-525K10.3,0,
RP11-526A4.1,0,
RP11-527L4.5,0,
RP11-527N22.1,0,
RP11-527N22.2,0,
RP11-528A4.2,0,
RP11-528I4.2,0,
RP11-531A24.3,0,
RP11-535M15.1,0,
RP11-536I6.2,0,
RP11-536O18.1,0,
RP11-538D16.2,0,
RP11-53B2.2,0,
RP11-53M11.3,0,
RP11-53O19.1,0,
RP11-542B15.1,0,
RP11-543D5.1,0,
RP11-546K22.1,0,
RP11-548B3.3,0,
RP11-549B18.1,0,
RP11-54A9.1,0,
RP11-54H7.4,0,
RP11-54O7.3,0,
RP11-550I24.2,0,
RP11-551L14.4,0,
RP11-552M11.4,0,
RP11-553A10.1,0,
RP11-553A21.3,0,
RP11-554A11.4,0,
RP11-556E13.1,0,
RP11-557H15.3,0,
RP11-557H15.4,0,
RP11-566K19.6,0,
RP11-567E21.3,0,
RP11-567I13.1,0,
RP11-567M16.1,0,
RP11-568J23.8,0,
RP11-56G10.2,0,
RP11-570L14.2,0,
RP11-573G6.6,0,
RP11-575F12.3,0,
RP11-575L7.8,0,
RP11-576I22.2,0,
RP11-579D7.4,0,
RP11-57A1.1,0,
RP11-57A19.2,0,
RP11-588K22.2,0,
RP11-589M4.1,0,
RP11-594N15.3,0,
RP11-595B24.2,0,
RP11-597D13.9,0,
RP11-598F7.4,0,
RP11-598F7.5,0,
RP11-598F7.6,0,
RP11-59D5__B.2,0,
RP11-5P18.5,0,
RP11-605F22.1,0,
RP11-60A8.1,0,
RP11-60L3.1,0,
RP11-60L3.6,0,
RP11-613D13.8,0,
RP11-615I2.2,0,
RP11-616M22.12,0,
RP11-618K13.2,0,
RP11-61J19.5,0,
RP11-620J15.2,0,
RP11-622A1.2,0,
RP11-624G17.3,0,
RP11-624L4.1,0,
RP11-624M8.1,0,
RP11-626G11.1,0,
RP11-626P14.1,0,
RP11-627G18.1,0,
RP11-627G23.1,0,
RP11-627K11.6,0,
RP11-629G13.1,0,
RP11-632L2.2,0,
RP11-63A11.1,0,
RP11-63E9.1,0,
RP11-63M22.2,0,
RP11-645C24.5,0,
RP11-649E7.5,0,
RP11-64C12.8,0,
RP11-650L12.2,0,
RP11-655M14.13,0,
RP11-657O9.1,0,
RP11-65D17.1,0,
RP11-65I12.1,0,
RP11-65J3.2,0,
RP11-65J3.3,0,
RP11-663N22.1,0,
RP11-664D1.1,0,
RP11-666A8.9,0,
RP11-667K14.4,0,
RP11-669E14.4,0,
RP11-66B24.7,0,
RP11-66N24.6,0,
RP11-670E13.6,0,
RP11-672A2.1,0,
RP11-676J12.7,0,
RP11-678G14.3,0,
RP11-678G15.2,0,
RP11-679B19.1,0,
RP11-680C21.1,0,
RP11-680F20.12,0,
RP11-680F20.6,0,
RP11-680F8.1,0,
RP11-693J15.4,0,
RP11-693J15.5,0,
RP11-693J15.6,0,
RP11-6F2.5,0,
RP11-6N17.6,0,
RP11-700H6.1,0,
RP11-700J17.2,0,
RP11-701H24.4,0,
RP11-701P16.5,0,
RP11-704M14.1,0,
RP11-707A18.1,0,
RP11-70C1.3,0,
RP11-70L8.4,0,
RP11-710C12.1,0,
RP11-713C5.1,0,
RP11-713P17.3,0,
RP11-714M23.2,0,
RP11-71H17.7,0,
RP11-728G15.1,0,
RP11-731F5.1,0,
RP11-731F5.2,0,
RP11-731J8.2,0,
RP11-733O18.1,0,
RP11-736E3.1,0,
RP11-737O24.1,0,
RP11-73M7.1,0,
RP11-742B18.1,0,
RP11-746M1.1,0,
RP11-74E22.8,0,
RP11-757F18.5,0,
RP11-757O6.1,0,
RP11-758M4.4,0,
RP11-758N13.1,0,
RP11-768F21.1,0,
RP11-76C10.5,0,
RP11-770J1.5,0,
RP11-776H12.1,0,
RP11-783K16.10,0,
RP11-789C1.1,0,
RP11-793H13.3,0,
RP11-796E10.1,0,
RP11-798K3.2,0,
RP11-7I15.3,0,
RP11-7K24.3,0,
RP11-800A18.4,0,
RP11-801F7.1,0,
RP11-806H10.4,0,
RP11-806O11.1,0,
RP11-807H17.1,0,
RP11-809C18.3,0,
RP11-809N8.2,0,
RP11-814P5.1,0,
RP11-815M8.1,0,
RP11-817J15.2,0,
RP11-817J15.3,0,
RP11-818F20.5,0,
RP11-81H14.2,0,
RP11-823E8.3,0,
RP11-830F9.5,0,
RP11-830F9.6,0,
RP11-834C11.14,0,
RP11-844P9.2,0,
RP11-855O10.2,0,
RP11-85G21.3,0,
RP11-861E21.2,0,
RP11-862G15.2,0,
RP11-863P13.3,0,
RP11-867G2.6,0,
RP11-867G23.10,0,
RP11-867G23.4,0,
RP11-867G23.8,0,
RP11-875O11.3,0,
RP11-876N24.4,0,
RP11-883G14.1,0,
RP11-888D10.3,0,
RP11-88H9.2,0,
RP11-890B15.2,0,
RP11-89C3.4,0,
RP11-89H19.2,0,
RP11-8L2.1,0,
RP11-91K9.1,0,
RP11-923I11.8,0,
RP11-92G12.3,0,
RP11-93H12.4,0,
RP11-94C24.13,0,
RP11-963H4.3,0,
RP11-96C23.13,0,
RP11-96C23.14,0,
RP11-96D1.6,0,
RP11-96H17.1,0,
RP11-96H17.3,0,
RP11-96K19.2,0,
RP11-97O12.7,0,
RP11-981G7.6,0,
RP11-98G7.1,0,
RP11-993B23.3,0,
RP11-996F15.2,0,
RP13-1032I1.11,0,
RP13-143G15.4,0,
RP13-349O20.2,0,
RP13-379O24.2,0,
RP13-452N2.1,0,
RP13-463N16.6,0,
RP13-467H17.1,0,
RP13-514E23.1,0,
RP13-514E23.2,0,
RP13-580F15.2,0,
RP13-616I3.1,0,
RP13-726E6.2,0,
RP13-735L24.1,0,
RP13-766D20.4,0,
RP13-870H17.3,0,
RP13-895J2.2,0,
RP13-895J2.3,0,
RP13-895J2.6,0,
RP3-323A16.1,0,
RP3-333A15.2,0,
RP3-337H4.9,0,
RP3-340B19.3,0,
RP3-340N1.2,0,
RP3-393E18.2,0,
RP3-395M20.8,0,
RP3-404F18.5,0,
RP3-410C9.2,0,
RP3-414A15.11,0,
RP3-416H24.1,0,
RP3-431P23.5,0,
RP3-439F8.1,0,
RP3-446N13.5,0,
RP3-453C12.15,0,
RP3-467K16.2,0,
RP3-483K16.4,0,
RP3-510D11.2,0,
RP3-522D1.1,0,
RP3-523K23.2,0,
RP3-525N10.2,0,
RP4-539M6.14,0,
RP4-545K15.5,0,
RP4-547N15.3,0,
RP4-555D20.2,0,
RP4-555D20.4,0,
RP4-565E6.1,0,
RP4-568C11.4,0,
RP4-584D14.7,0,
RP4-594I10.3,0,
RP4-616B8.5,0,
RP4-625H18.2,0,
RP4-630C24.3,0,
RP4-644L1.2,0,
RP4-647C14.2,0,
RP4-647J21.1,0,
RP4-665J23.1,0,
RP4-669L17.10,0,
RP4-669P10.16,0,
RP4-673M15.1,0,
RP4-694A7.2,0,
RP4-738P15.1,0,
RP4-758J18.10,0,
RP4-761J14.8,0,
RP4-781B1.5,0,
RP4-781K5.2,0,
RP4-781K5.4,0,
RP4-781K5.6,0,
RP4-782L23.1,0,
RP4-794I6.4,0,
RP4-799P18.2,0,
RP4-806M20.4,0,
RP4-809F18.1,0,
RP4-809F18.2,0,
RP4-813D12.3,0,
RP5-1024C24.1,0,
RP5-1028K7.2,0,
RP5-1033H22.2,0,
RP5-1039K5.17,0,
RP5-1054A22.4,0,
RP5-1091N2.9,0,
RP5-1119A7.17,0,
RP5-1120P11.1,0,
RP5-1120P11.3,0,
RP5-1154L15.2,0,
RP5-1171I10.5,0,
RP5-1172A22.1,0,
RP5-1186N24.3,0,
RP5-1198O20.4,0,
RP5-839B4.8,0,
RP5-856G1.2,0,
RP5-875H18.9,0,
RP5-875O13.1,0,
RP5-881L22.5,0,
RP5-884C9.2,0,
RP5-884M6.1,0,
RP5-887A10.1,0,
RP5-903G2.2,0,
RP5-907D15.4,0,
RP5-912I13.1,0,
RP5-940J5.9,0,
RP5-944M2.3,0,
RP5-952N6.1,0,
RP5-968D22.1,0,
RP5-978I12.1,0,
RP5-984P4.6,0,
RP5-998N21.10,0,
RP6-159A1.4,0,
RP6-191P20.4,0,
RP6-24A23.3,0,
RP6-24A23.7,0,
RP6-91H8.3,0,
RPPH1,0,
RRS1-AS1,0,
SACS-AS1,0,
SAPCD1-AS1,0,
SATB2-AS1,2,260428;260429
SCARNA10,0,
SERHL,0,
SERPINB9P1,0,
SFTA1P,0,
SH3PXD2A-AS1,0,
SHANK2-AS1,0,
SIAH2-AS1,0,
SLC16A1-AS1,9,129169;172064;173048;20290;204134;255872;268120;335598;46886
SLC26A4-AS1,0,
SLC7A11-AS1,0,
SLCO4A1-AS1,0,
SNAP25-AS1,0,
SNHG25,2,281269;377812
SNX29P2,0,
SOX2-OT,0,
SOX21-AS1,0,
SOX9-AS1,0,
SPRY4-IT1,0,
SRGAP3-AS2,0,
SSTR5-AS1,0,
ST8SIA6-AS1,0,
STAU2-AS1,0,
STX17-AS1,0,
STXBP5-AS1,0,
TARID,0,
TAT-AS1,0,
TBX2-AS1,0,
TBX5-AS1,0,
TCL6,0,
TEX41,0,
TFAP2A-AS1,0,
TINCR,0,
TM4SF1-AS1,0,
TMC3-AS1,0,
TMEM108-AS1,0,
TMEM220-AS1,0,
TMEM26-AS1,0,
TMEM51-AS1,0,
TRBV11-2,0,
TRG-AS1,0,
TRHDE-AS1,0,
TRPM2-AS,0,
TSIX,0,
TSPEAR-AS2,1,150601
TTC39A-AS1,0,
TUNAR,0,
TUSC8,0,
U91319.1,0,
UCA1,4,178636;178637;369422;392691
UG0898H09,0,
UMODL1-AS1,0,
UNC5B-AS1,2,325513;330192
USP30-AS1,0,
VAC14-AS1,0,
VLDLR-AS1,0,
VPS9D1-AS1,3,208292;211521;211522
VSTM2A-OT1,0,
WDR86-AS1,0,
WFDC21P,0,
WI2-85898F10.1,0,
WI2-85898F10.2,0,
WISP1-OT1,0,
WNT5A-AS1,0,
WT1-AS,0,
XIST,31,129058;129892;129893;129894;132529;133256;157538;189231;189525;196682;197614;202926;202927;210420;210421;224934;230056;236069;249074;249812;249876;26445;26446;275030;345489;372638;374864;379518;389116;391695;93959
XX-C2158C6.3,0,
XXbac-B444P24.8,0,
XXbac-BPG181B23.7,0,
XXbac-BPG252P9.10,0,
ZFHX4-AS1,0,
ZIM2-AS1,1,312870
ZNF350-AS1,0,
ZNF503-AS1,0,
ZNF528-AS1,3,145030;233728;297907
ZNF793-AS1,0,
bP-21264C1.2,0,
